slug,title,brandLabel,category,subcategory,audience,variation,price,catalogStatus,isActive,hasImage,approved,notes
"pele-preparacao-da-pele-primer-facial","Primer facial","Fenty Beauty","Pele","Preparacao da Pele","feminino","Primer facial","0","draft","false","false","false",""
"pele-preparacao-da-pele-primer-matificante","Primer matificante","Lancôme","Pele","Preparacao da Pele","feminino","Primer matificante","0","draft","false","false","false",""
"pele-preparacao-da-pele-primer-hidratante","Primer hidratante","DIOR","Pele","Preparacao da Pele","feminino","Primer hidratante","0","draft","false","false","false",""
"pele-preparacao-da-pele-bruma-hidratante","Bruma hidratante","M·A·C Cosmetics","Pele","Preparacao da Pele","feminino","Bruma hidratante","0","draft","false","false","false",""
"pele-preparacao-da-pele-fixador-de-maquiagem","Fixador de maquiagem","avon","Pele","Preparacao da Pele","feminino","Fixador de maquiagem","0","draft","false","false","false",""
"pele-preparacao-da-pele-protetor-solar-com-cor","Protetor solar com cor","Fenty Beauty","Pele","Preparacao da Pele","feminino","Protetor solar com cor","0","draft","false","false","false",""
"pele-bases-base-liquida","Base liquida","Lancôme","Pele","Bases","feminino","Base liquida","0","draft","false","false","false",""
"pele-bases-base-matte","Base matte","DIOR","Pele","Bases","feminino","Base matte","0","draft","false","false","false",""
"pele-bases-base-glow","Base glow","M·A·C Cosmetics","Pele","Bases","feminino","Base glow","0","draft","false","false","false",""
"pele-bases-base-em-bastao","Base em bastao","avon","Pele","Bases","feminino","Base em bastao","0","draft","false","false","false",""
"pele-bases-base-compacta","Base compacta","Fenty Beauty","Pele","Bases","feminino","Base compacta","0","draft","false","false","false",""
"pele-bases-bb-cream","BB Cream","Lancôme","Pele","Bases","feminino","BB Cream","0","draft","false","false","false",""
"pele-corretivos-corretivo-liquido","Corretivo liquido","DIOR","Pele","Corretivos","feminino","Corretivo liquido","0","draft","false","false","false",""
"pele-corretivos-corretivo-cremoso","Corretivo cremoso","M·A·C Cosmetics","Pele","Corretivos","feminino","Corretivo cremoso","0","draft","false","false","false",""
"pele-corretivos-corretivo-em-bastao","Corretivo em bastao","avon","Pele","Corretivos","feminino","Corretivo em bastao","0","draft","false","false","false",""
"pele-corretivos-corretivo-colorido","Corretivo colorido","Fenty Beauty","Pele","Corretivos","feminino","Corretivo colorido","0","draft","false","false","false",""
"pele-corretivos-paleta-de-corretivos","Paleta de corretivos","Lancôme","Pele","Corretivos","feminino","Paleta de corretivos","0","draft","false","false","false",""
"pele-corretivos-corretivo-alta-cobertura","Corretivo alta cobertura","DIOR","Pele","Corretivos","feminino","Corretivo alta cobertura","0","draft","false","false","false",""
"pele-pos-faciais-po-compacto","Po compacto","M·A·C Cosmetics","Pele","Pos Faciais","feminino","Po compacto","0","draft","false","false","false",""
"pele-pos-faciais-po-solto","Po solto","avon","Pele","Pos Faciais","feminino","Po solto","0","draft","false","false","false",""
"pele-pos-faciais-po-translucido","Po translucido","Fenty Beauty","Pele","Pos Faciais","feminino","Po translucido","0","draft","false","false","false",""
"pele-pos-faciais-po-banana","Po banana","Lancôme","Pele","Pos Faciais","feminino","Po banana","0","draft","false","false","false",""
"pele-pos-faciais-po-matificante","Po matificante","DIOR","Pele","Pos Faciais","feminino","Po matificante","0","draft","false","false","false",""
"pele-pos-faciais-po-finalizador","Po finalizador","M·A·C Cosmetics","Pele","Pos Faciais","feminino","Po finalizador","0","draft","false","false","false",""
"pele-contorno-e-bronzer-contorno-em-po","Contorno em po","avon","Pele","Contorno e Bronzer","feminino","Contorno em po","0","draft","false","false","false",""
"pele-contorno-e-bronzer-contorno-cremoso","Contorno cremoso","Fenty Beauty","Pele","Contorno e Bronzer","feminino","Contorno cremoso","0","draft","false","false","false",""
"pele-contorno-e-bronzer-contorno-em-bastao","Contorno em bastao","Lancôme","Pele","Contorno e Bronzer","feminino","Contorno em bastao","0","draft","false","false","false",""
"pele-contorno-e-bronzer-paleta-de-contorno","Paleta de contorno","DIOR","Pele","Contorno e Bronzer","feminino","Paleta de contorno","0","draft","false","false","false",""
"pele-contorno-e-bronzer-bronzer-em-po","Bronzer em po","M·A·C Cosmetics","Pele","Contorno e Bronzer","feminino","Bronzer em po","0","draft","false","false","false",""
"pele-contorno-e-bronzer-bronzer-cremoso","Bronzer cremoso","avon","Pele","Contorno e Bronzer","feminino","Bronzer cremoso","0","draft","false","false","false",""
"pele-blush-blush-em-po","Blush em po","Fenty Beauty","Pele","Blush","feminino","Blush em po","0","draft","false","false","false",""
"pele-blush-blush-liquido","Blush liquido","Lancôme","Pele","Blush","feminino","Blush liquido","0","draft","false","false","false",""
"pele-blush-blush-cremoso","Blush cremoso","DIOR","Pele","Blush","feminino","Blush cremoso","0","draft","false","false","false",""
"pele-blush-blush-em-bastao","Blush em bastao","M·A·C Cosmetics","Pele","Blush","feminino","Blush em bastao","0","draft","false","false","false",""
"pele-blush-paleta-de-blush","Paleta de blush","avon","Pele","Blush","feminino","Paleta de blush","0","draft","false","false","false",""
"pele-blush-blush-compacto","Blush compacto","Fenty Beauty","Pele","Blush","feminino","Blush compacto","0","draft","false","false","false",""
"pele-iluminador-iluminador-em-po","Iluminador em po","Lancôme","Pele","Iluminador","feminino","Iluminador em po","0","draft","false","false","false",""
"pele-iluminador-iluminador-liquido","Iluminador liquido","DIOR","Pele","Iluminador","feminino","Iluminador liquido","0","draft","false","false","false",""
"pele-iluminador-iluminador-cremoso","Iluminador cremoso","M·A·C Cosmetics","Pele","Iluminador","feminino","Iluminador cremoso","0","draft","false","false","false",""
"pele-iluminador-iluminador-em-bastao","Iluminador em bastao","avon","Pele","Iluminador","feminino","Iluminador em bastao","0","draft","false","false","false",""
"pele-iluminador-paleta-de-iluminador","Paleta de iluminador","Fenty Beauty","Pele","Iluminador","feminino","Paleta de iluminador","0","draft","false","false","false",""
"pele-iluminador-iluminador-corporal","Iluminador corporal","Lancôme","Pele","Iluminador","feminino","Iluminador corporal","0","draft","false","false","false",""
"olhos-sombras-paleta-de-sombras","Paleta de sombras","avon","Olhos","Sombras","feminino","Paleta de sombras","0","draft","false","false","false",""
"olhos-sombras-sombra-unitaria","Sombra unitaria","Fenty Beauty","Olhos","Sombras","feminino","Sombra unitaria","0","draft","false","false","false",""
"olhos-sombras-sombra-liquida","Sombra liquida","Lancôme","Olhos","Sombras","feminino","Sombra liquida","0","draft","false","false","false",""
"olhos-sombras-sombra-cremosa","Sombra cremosa","M·A·C Cosmetics","Olhos","Sombras","feminino","Sombra cremosa","0","draft","false","false","false",""
"olhos-sombras-sombra-em-bastao","Sombra em bastao","avon","Olhos","Sombras","feminino","Sombra em bastao","0","draft","false","false","false",""
"olhos-sombras-pigmento","Pigmento","Fenty Beauty","Olhos","Sombras","feminino","Pigmento","0","draft","false","false","false",""
"olhos-delineadores-delineador-liquido","Delineador liquido","Lancôme","Olhos","Delineadores","feminino","Delineador liquido","0","draft","false","false","false",""
"olhos-delineadores-delineador-em-gel","Delineador em gel","M·A·C Cosmetics","Olhos","Delineadores","feminino","Delineador em gel","0","draft","false","false","false",""
"olhos-delineadores-delineador-caneta","Delineador caneta","avon","Olhos","Delineadores","feminino","Delineador caneta","0","draft","false","false","false",""
"olhos-delineadores-delineador-colorido","Delineador colorido","Fenty Beauty","Olhos","Delineadores","feminino","Delineador colorido","0","draft","false","false","false",""
"olhos-delineadores-delineador-a-prova-d-agua","Delineador a prova d'agua","Lancôme","Olhos","Delineadores","feminino","Delineador a prova d'agua","0","draft","false","false","false",""
"olhos-delineadores-delineador-glitter","Delineador glitter","M·A·C Cosmetics","Olhos","Delineadores","feminino","Delineador glitter","0","draft","false","false","false",""
"olhos-lapis-de-olho-lapis-preto","Lapis preto","avon","Olhos","Lapis de Olho","feminino","Lapis preto","0","draft","false","false","false",""
"olhos-lapis-de-olho-lapis-marrom","Lapis marrom","Fenty Beauty","Olhos","Lapis de Olho","feminino","Lapis marrom","0","draft","false","false","false",""
"olhos-lapis-de-olho-lapis-bege","Lapis bege","Lancôme","Olhos","Lapis de Olho","feminino","Lapis bege","0","draft","false","false","false",""
"olhos-lapis-de-olho-lapis-branco","Lapis branco","M·A·C Cosmetics","Olhos","Lapis de Olho","feminino","Lapis branco","0","draft","false","false","false",""
"olhos-lapis-de-olho-lapis-kajal","Lapis kajal","avon","Olhos","Lapis de Olho","feminino","Lapis kajal","0","draft","false","false","false",""
"olhos-lapis-de-olho-lapis-colorido","Lapis colorido","Fenty Beauty","Olhos","Lapis de Olho","feminino","Lapis colorido","0","draft","false","false","false",""
"olhos-mascara-de-cilios-mascara-alongadora","Mascara alongadora","Lancôme","Olhos","Mascara de Cilios","feminino","Mascara alongadora","0","draft","false","false","false",""
"olhos-mascara-de-cilios-mascara-volumizadora","Mascara volumizadora","M·A·C Cosmetics","Olhos","Mascara de Cilios","feminino","Mascara volumizadora","0","draft","false","false","false",""
"olhos-mascara-de-cilios-mascara-a-prova-d-agua","Mascara a prova d'agua","avon","Olhos","Mascara de Cilios","feminino","Mascara a prova d'agua","0","draft","false","false","false",""
"olhos-mascara-de-cilios-mascara-incolor","Mascara incolor","Fenty Beauty","Olhos","Mascara de Cilios","feminino","Mascara incolor","0","draft","false","false","false",""
"olhos-mascara-de-cilios-mascara-efeito-boneca","Mascara efeito boneca","Lancôme","Olhos","Mascara de Cilios","feminino","Mascara efeito boneca","0","draft","false","false","false",""
"olhos-mascara-de-cilios-mascara-curva-cilios","Mascara curva cilios","M·A·C Cosmetics","Olhos","Mascara de Cilios","feminino","Mascara curva cilios","0","draft","false","false","false",""
"olhos-cilios-posticos-cilios-naturais","Cilios naturais","avon","Olhos","Cilios Posticos","feminino","Cilios naturais","0","draft","false","false","false",""
"olhos-cilios-posticos-cilios-volume","Cilios volume","Fenty Beauty","Olhos","Cilios Posticos","feminino","Cilios volume","0","draft","false","false","false",""
"olhos-cilios-posticos-cilios-tufinho","Cilios tufinho","Lancôme","Olhos","Cilios Posticos","feminino","Cilios tufinho","0","draft","false","false","false",""
"olhos-cilios-posticos-cilios-fio-a-fio","Cilios fio a fio","M·A·C Cosmetics","Olhos","Cilios Posticos","feminino","Cilios fio a fio","0","draft","false","false","false",""
"olhos-cilios-posticos-cola-para-cilios","Cola para cilios","avon","Olhos","Cilios Posticos","feminino","Cola para cilios","0","draft","false","false","false",""
"olhos-cilios-posticos-aplicador-de-cilios","Aplicador de cilios","Fenty Beauty","Olhos","Cilios Posticos","feminino","Aplicador de cilios","0","draft","false","false","false",""
"sobrancelhas-produtos-para-sobrancelhas-lapis-para-sobrancelhas","Lapis para sobrancelhas","M·A·C Cosmetics","Sobrancelhas","Produtos para Sobrancelhas","feminino","Lapis para sobrancelhas","0","draft","false","false","false",""
"sobrancelhas-produtos-para-sobrancelhas-caneta-para-sobrancelhas","Caneta para sobrancelhas","avon","Sobrancelhas","Produtos para Sobrancelhas","feminino","Caneta para sobrancelhas","0","draft","false","false","false",""
"sobrancelhas-produtos-para-sobrancelhas-sombra-para-sobrancelhas","Sombra para sobrancelhas","Fenty Beauty","Sobrancelhas","Produtos para Sobrancelhas","feminino","Sombra para sobrancelhas","0","draft","false","false","false",""
"sobrancelhas-produtos-para-sobrancelhas-pomada-para-sobrancelhas","Pomada para sobrancelhas","M·A·C Cosmetics","Sobrancelhas","Produtos para Sobrancelhas","feminino","Pomada para sobrancelhas","0","draft","false","false","false",""
"sobrancelhas-produtos-para-sobrancelhas-gel-para-sobrancelhas","Gel para sobrancelhas","avon","Sobrancelhas","Produtos para Sobrancelhas","feminino","Gel para sobrancelhas","0","draft","false","false","false",""
"sobrancelhas-produtos-para-sobrancelhas-mascara-para-sobrancelhas","Mascara para sobrancelhas","Fenty Beauty","Sobrancelhas","Produtos para Sobrancelhas","feminino","Mascara para sobrancelhas","0","draft","false","false","false",""
"sobrancelhas-acessorios-para-sobrancelhas-pinca","Pinca","M·A·C Cosmetics","Sobrancelhas","Acessorios para Sobrancelhas","feminino","Pinca","0","draft","false","false","false",""
"sobrancelhas-acessorios-para-sobrancelhas-tesourinha","Tesourinha","avon","Sobrancelhas","Acessorios para Sobrancelhas","feminino","Tesourinha","0","draft","false","false","false",""
"sobrancelhas-acessorios-para-sobrancelhas-escovinha","Escovinha","Fenty Beauty","Sobrancelhas","Acessorios para Sobrancelhas","feminino","Escovinha","0","draft","false","false","false",""
"sobrancelhas-acessorios-para-sobrancelhas-navalha","Navalha","M·A·C Cosmetics","Sobrancelhas","Acessorios para Sobrancelhas","feminino","Navalha","0","draft","false","false","false",""
"sobrancelhas-acessorios-para-sobrancelhas-paquimetro-para-sobrancelhas","Paquimetro para sobrancelhas","avon","Sobrancelhas","Acessorios para Sobrancelhas","feminino","Paquimetro para sobrancelhas","0","draft","false","false","false",""
"sobrancelhas-acessorios-para-sobrancelhas-molde-para-sobrancelhas","Molde para sobrancelhas","Fenty Beauty","Sobrancelhas","Acessorios para Sobrancelhas","feminino","Molde para sobrancelhas","0","draft","false","false","false",""
"boca-batons-batom-matte","Batom matte","Lancôme","Boca","Batons","feminino","Batom matte","0","draft","false","false","false",""
"boca-batons-batom-cremoso","Batom cremoso","DIOR","Boca","Batons","feminino","Batom cremoso","0","draft","false","false","false",""
"boca-batons-batom-liquido","Batom liquido","M·A·C Cosmetics","Boca","Batons","feminino","Batom liquido","0","draft","false","false","false",""
"boca-batons-batom-em-bala","Batom em bala","avon","Boca","Batons","feminino","Batom em bala","0","draft","false","false","false",""
"boca-batons-batom-cintilante","Batom cintilante","Fenty Beauty","Boca","Batons","feminino","Batom cintilante","0","draft","false","false","false",""
"boca-batons-batom-hidratante","Batom hidratante","Lancôme","Boca","Batons","feminino","Batom hidratante","0","draft","false","false","false",""
"boca-gloss-e-hidratantes-gloss-labial","Gloss labial","DIOR","Boca","Gloss e Hidratantes","feminino","Gloss labial","0","draft","false","false","false",""
"boca-gloss-e-hidratantes-lip-oil","Lip oil","M·A·C Cosmetics","Boca","Gloss e Hidratantes","feminino","Lip oil","0","draft","false","false","false",""
"boca-gloss-e-hidratantes-lip-tint","Lip tint","avon","Boca","Gloss e Hidratantes","feminino","Lip tint","0","draft","false","false","false",""
"boca-gloss-e-hidratantes-balm-labial","Balm labial","Fenty Beauty","Boca","Gloss e Hidratantes","feminino","Balm labial","0","draft","false","false","false",""
"boca-gloss-e-hidratantes-mascara-labial","Mascara labial","Lancôme","Boca","Gloss e Hidratantes","feminino","Mascara labial","0","draft","false","false","false",""
"boca-gloss-e-hidratantes-esfoliante-labial","Esfoliante labial","DIOR","Boca","Gloss e Hidratantes","feminino","Esfoliante labial","0","draft","false","false","false",""
"boca-lapis-labial-lapis-de-boca-nude","Lapis de boca nude","M·A·C Cosmetics","Boca","Lapis Labial","feminino","Lapis de boca nude","0","draft","false","false","false",""
"boca-lapis-labial-lapis-de-boca-vermelho","Lapis de boca vermelho","avon","Boca","Lapis Labial","feminino","Lapis de boca vermelho","0","draft","false","false","false",""
"boca-lapis-labial-lapis-de-boca-marrom","Lapis de boca marrom","Fenty Beauty","Boca","Lapis Labial","feminino","Lapis de boca marrom","0","draft","false","false","false",""
"boca-lapis-labial-lapis-de-boca-rosa","Lapis de boca rosa","Lancôme","Boca","Lapis Labial","feminino","Lapis de boca rosa","0","draft","false","false","false",""
"boca-lapis-labial-delineador-labial","Delineador labial","DIOR","Boca","Lapis Labial","feminino","Delineador labial","0","draft","false","false","false",""
"boca-lapis-labial-lapis-labial-retratil","Lapis labial retratil","M·A·C Cosmetics","Boca","Lapis Labial","feminino","Lapis labial retratil","0","draft","false","false","false",""
"pinceis-e-esponjas-pinceis-para-pele-pincel-para-base","Pincel para base","M·A·C Cosmetics","Pinceis e Esponjas","Pinceis para Pele","feminino","Pincel para base","0","draft","false","false","false",""
"pinceis-e-esponjas-pinceis-para-pele-pincel-para-corretivo","Pincel para corretivo","Fenty Beauty","Pinceis e Esponjas","Pinceis para Pele","feminino","Pincel para corretivo","0","draft","false","false","false",""
"pinceis-e-esponjas-pinceis-para-pele-pincel-para-po","Pincel para po","avon","Pinceis e Esponjas","Pinceis para Pele","feminino","Pincel para po","0","draft","false","false","false",""
"pinceis-e-esponjas-pinceis-para-pele-pincel-para-blush","Pincel para blush","M·A·C Cosmetics","Pinceis e Esponjas","Pinceis para Pele","feminino","Pincel para blush","0","draft","false","false","false",""
"pinceis-e-esponjas-pinceis-para-pele-pincel-para-contorno","Pincel para contorno","Fenty Beauty","Pinceis e Esponjas","Pinceis para Pele","feminino","Pincel para contorno","0","draft","false","false","false",""
"pinceis-e-esponjas-pinceis-para-pele-pincel-para-iluminador","Pincel para iluminador","avon","Pinceis e Esponjas","Pinceis para Pele","feminino","Pincel para iluminador","0","draft","false","false","false",""
"pinceis-e-esponjas-pinceis-para-olhos-pincel-de-esfumar","Pincel de esfumar","M·A·C Cosmetics","Pinceis e Esponjas","Pinceis para Olhos","feminino","Pincel de esfumar","0","draft","false","false","false",""
"pinceis-e-esponjas-pinceis-para-olhos-pincel-para-sombra","Pincel para sombra","Fenty Beauty","Pinceis e Esponjas","Pinceis para Olhos","feminino","Pincel para sombra","0","draft","false","false","false",""
"pinceis-e-esponjas-pinceis-para-olhos-pincel-chanfrado","Pincel chanfrado","avon","Pinceis e Esponjas","Pinceis para Olhos","feminino","Pincel chanfrado","0","draft","false","false","false",""
"pinceis-e-esponjas-pinceis-para-olhos-pincel-delineador","Pincel delineador","M·A·C Cosmetics","Pinceis e Esponjas","Pinceis para Olhos","feminino","Pincel delineador","0","draft","false","false","false",""
"pinceis-e-esponjas-pinceis-para-olhos-pincel-lapis","Pincel lapis","Fenty Beauty","Pinceis e Esponjas","Pinceis para Olhos","feminino","Pincel lapis","0","draft","false","false","false",""
"pinceis-e-esponjas-pinceis-para-olhos-pincel-precisao","Pincel precisao","avon","Pinceis e Esponjas","Pinceis para Olhos","feminino","Pincel precisao","0","draft","false","false","false",""
"pinceis-e-esponjas-esponjas-esponja-gota","Esponja gota","M·A·C Cosmetics","Pinceis e Esponjas","Esponjas","feminino","Esponja gota","0","draft","false","false","false",""
"pinceis-e-esponjas-esponjas-esponja-chanfrada","Esponja chanfrada","Fenty Beauty","Pinceis e Esponjas","Esponjas","feminino","Esponja chanfrada","0","draft","false","false","false",""
"pinceis-e-esponjas-esponjas-esponja-mini","Esponja mini","avon","Pinceis e Esponjas","Esponjas","feminino","Esponja mini","0","draft","false","false","false",""
"pinceis-e-esponjas-esponjas-esponja-para-po","Esponja para po","M·A·C Cosmetics","Pinceis e Esponjas","Esponjas","feminino","Esponja para po","0","draft","false","false","false",""
"pinceis-e-esponjas-esponjas-esponja-de-silicone","Esponja de silicone","Fenty Beauty","Pinceis e Esponjas","Esponjas","feminino","Esponja de silicone","0","draft","false","false","false",""
"pinceis-e-esponjas-esponjas-kit-de-esponjas","Kit de esponjas","avon","Pinceis e Esponjas","Esponjas","feminino","Kit de esponjas","0","draft","false","false","false",""
"pinceis-e-esponjas-kits-de-pinceis-kit-pinceis-iniciante","Kit pinceis iniciante","M·A·C Cosmetics","Pinceis e Esponjas","Kits de Pinceis","feminino","Kit pinceis iniciante","0","draft","false","false","false",""
"pinceis-e-esponjas-kits-de-pinceis-kit-pinceis-profissional","Kit pinceis profissional","Fenty Beauty","Pinceis e Esponjas","Kits de Pinceis","feminino","Kit pinceis profissional","0","draft","false","false","false",""
"pinceis-e-esponjas-kits-de-pinceis-kit-pinceis-para-pele","Kit pinceis para pele","avon","Pinceis e Esponjas","Kits de Pinceis","feminino","Kit pinceis para pele","0","draft","false","false","false",""
"pinceis-e-esponjas-kits-de-pinceis-kit-pinceis-para-olhos","Kit pinceis para olhos","M·A·C Cosmetics","Pinceis e Esponjas","Kits de Pinceis","feminino","Kit pinceis para olhos","0","draft","false","false","false",""
"pinceis-e-esponjas-kits-de-pinceis-kit-pinceis-completo","Kit pinceis completo","Fenty Beauty","Pinceis e Esponjas","Kits de Pinceis","feminino","Kit pinceis completo","0","draft","false","false","false",""
"pinceis-e-esponjas-kits-de-pinceis-kit-pinceis-viagem","Kit pinceis viagem","avon","Pinceis e Esponjas","Kits de Pinceis","feminino","Kit pinceis viagem","0","draft","false","false","false",""
"acessorios-de-maquiagem-organizacao-necessaire","Necessaire","avon","Acessorios de Maquiagem","Organizacao","feminino","Necessaire","0","draft","false","false","false",""
"acessorios-de-maquiagem-organizacao-maleta-de-maquiagem","Maleta de maquiagem","M·A·C Cosmetics","Acessorios de Maquiagem","Organizacao","feminino","Maleta de maquiagem","0","draft","false","false","false",""
"acessorios-de-maquiagem-organizacao-porta-pinceis","Porta-pinceis","Fenty Beauty","Acessorios de Maquiagem","Organizacao","feminino","Porta-pinceis","0","draft","false","false","false",""
"acessorios-de-maquiagem-organizacao-organizador-acrilico","Organizador acrilico","avon","Acessorios de Maquiagem","Organizacao","feminino","Organizador acrilico","0","draft","false","false","false",""
"acessorios-de-maquiagem-organizacao-bolsa-de-maquiagem","Bolsa de maquiagem","M·A·C Cosmetics","Acessorios de Maquiagem","Organizacao","feminino","Bolsa de maquiagem","0","draft","false","false","false",""
"acessorios-de-maquiagem-organizacao-estojo-de-maquiagem","Estojo de maquiagem","Fenty Beauty","Acessorios de Maquiagem","Organizacao","feminino","Estojo de maquiagem","0","draft","false","false","false",""
"acessorios-de-maquiagem-ferramentas-curvex","Curvex","avon","Acessorios de Maquiagem","Ferramentas","feminino","Curvex","0","draft","false","false","false",""
"acessorios-de-maquiagem-ferramentas-apontador-de-lapis","Apontador de lapis","M·A·C Cosmetics","Acessorios de Maquiagem","Ferramentas","feminino","Apontador de lapis","0","draft","false","false","false",""
"acessorios-de-maquiagem-ferramentas-espelho-de-maquiagem","Espelho de maquiagem","Fenty Beauty","Acessorios de Maquiagem","Ferramentas","feminino","Espelho de maquiagem","0","draft","false","false","false",""
"acessorios-de-maquiagem-ferramentas-espelho-com-led","Espelho com LED","avon","Acessorios de Maquiagem","Ferramentas","feminino","Espelho com LED","0","draft","false","false","false",""
"acessorios-de-maquiagem-ferramentas-espatula-de-maquiagem","Espatula de maquiagem","M·A·C Cosmetics","Acessorios de Maquiagem","Ferramentas","feminino","Espatula de maquiagem","0","draft","false","false","false",""
"acessorios-de-maquiagem-ferramentas-plaquinha-misturadora","Plaquinha misturadora","Fenty Beauty","Acessorios de Maquiagem","Ferramentas","feminino","Plaquinha misturadora","0","draft","false","false","false",""
"acessorios-de-maquiagem-limpeza-de-pinceis-higienizador-de-pinceis","Higienizador de pinceis","avon","Acessorios de Maquiagem","Limpeza de Pinceis","feminino","Higienizador de pinceis","0","draft","false","false","false",""
"acessorios-de-maquiagem-limpeza-de-pinceis-sabonete-para-pinceis","Sabonete para pinceis","M·A·C Cosmetics","Acessorios de Maquiagem","Limpeza de Pinceis","feminino","Sabonete para pinceis","0","draft","false","false","false",""
"acessorios-de-maquiagem-limpeza-de-pinceis-tapete-limpa-pinceis","Tapete limpa-pinceis","Fenty Beauty","Acessorios de Maquiagem","Limpeza de Pinceis","feminino","Tapete limpa-pinceis","0","draft","false","false","false",""
"acessorios-de-maquiagem-limpeza-de-pinceis-luva-limpa-pinceis","Luva limpa-pinceis","avon","Acessorios de Maquiagem","Limpeza de Pinceis","feminino","Luva limpa-pinceis","0","draft","false","false","false",""
"acessorios-de-maquiagem-limpeza-de-pinceis-spray-higienizador","Spray higienizador","M·A·C Cosmetics","Acessorios de Maquiagem","Limpeza de Pinceis","feminino","Spray higienizador","0","draft","false","false","false",""
"acessorios-de-maquiagem-limpeza-de-pinceis-secador-de-pinceis","Secador de pinceis","Fenty Beauty","Acessorios de Maquiagem","Limpeza de Pinceis","feminino","Secador de pinceis","0","draft","false","false","false",""
"fixacao-e-finalizacao-fixadores-fixador-de-maquiagem","Fixador de maquiagem","M·A·C Cosmetics","Fixacao e Finalizacao","Fixadores","feminino","Fixador de maquiagem","0","draft","false","false","false",""
"fixacao-e-finalizacao-fixadores-bruma-fixadora","Bruma fixadora","Fenty Beauty","Fixacao e Finalizacao","Fixadores","feminino","Bruma fixadora","0","draft","false","false","false",""
"fixacao-e-finalizacao-fixadores-spray-matte","Spray matte","Lancôme","Fixacao e Finalizacao","Fixadores","feminino","Spray matte","0","draft","false","false","false",""
"fixacao-e-finalizacao-fixadores-spray-glow","Spray glow","avon","Fixacao e Finalizacao","Fixadores","feminino","Spray glow","0","draft","false","false","false",""
"fixacao-e-finalizacao-fixadores-spray-longa-duracao","Spray longa duracao","M·A·C Cosmetics","Fixacao e Finalizacao","Fixadores","feminino","Spray longa duracao","0","draft","false","false","false",""
"fixacao-e-finalizacao-fixadores-fixador-profissional","Fixador profissional","Fenty Beauty","Fixacao e Finalizacao","Fixadores","feminino","Fixador profissional","0","draft","false","false","false",""
"fixacao-e-finalizacao-finalizadores-po-finalizador","Po finalizador","Lancôme","Fixacao e Finalizacao","Finalizadores","feminino","Po finalizador","0","draft","false","false","false",""
"fixacao-e-finalizacao-finalizadores-po-translucido","Po translucido","avon","Fixacao e Finalizacao","Finalizadores","feminino","Po translucido","0","draft","false","false","false",""
"fixacao-e-finalizacao-finalizadores-lenco-antioleosidade","Lenco antioleosidade","M·A·C Cosmetics","Fixacao e Finalizacao","Finalizadores","feminino","Lenco antioleosidade","0","draft","false","false","false",""
"fixacao-e-finalizacao-finalizadores-cola-glitter","Cola glitter","Fenty Beauty","Fixacao e Finalizacao","Finalizadores","feminino","Cola glitter","0","draft","false","false","false",""
"fixacao-e-finalizacao-finalizadores-diluidor-de-maquiagem","Diluidor de maquiagem","Lancôme","Fixacao e Finalizacao","Finalizadores","feminino","Diluidor de maquiagem","0","draft","false","false","false",""
"fixacao-e-finalizacao-finalizadores-selante-de-maquiagem","Selante de maquiagem","avon","Fixacao e Finalizacao","Finalizadores","feminino","Selante de maquiagem","0","draft","false","false","false",""
"maquiagem-artistica-produtos-artisticos-tinta-facial","Tinta facial","M·A·C Cosmetics","Maquiagem Artistica","Produtos Artisticos","feminino","Tinta facial","0","draft","false","false","false",""
"maquiagem-artistica-produtos-artisticos-tinta-corporal","Tinta corporal","avon","Maquiagem Artistica","Produtos Artisticos","feminino","Tinta corporal","0","draft","false","false","false",""
"maquiagem-artistica-produtos-artisticos-pancake-artistico","Pancake artistico","Fenty Beauty","Maquiagem Artistica","Produtos Artisticos","feminino","Pancake artistico","0","draft","false","false","false",""
"maquiagem-artistica-produtos-artisticos-paleta-artistica","Paleta artistica","M·A·C Cosmetics","Maquiagem Artistica","Produtos Artisticos","feminino","Paleta artistica","0","draft","false","false","false",""
"maquiagem-artistica-produtos-artisticos-pigmento-neon","Pigmento neon","avon","Maquiagem Artistica","Produtos Artisticos","feminino","Pigmento neon","0","draft","false","false","false",""
"maquiagem-artistica-produtos-artisticos-pigmento-uv","Pigmento UV","Fenty Beauty","Maquiagem Artistica","Produtos Artisticos","feminino","Pigmento UV","0","draft","false","false","false",""
"maquiagem-artistica-brilhos-e-aplicacoes-glitter-artistico","Glitter artistico","M·A·C Cosmetics","Maquiagem Artistica","Brilhos e Aplicacoes","feminino","Glitter artistico","0","draft","false","false","false",""
"maquiagem-artistica-brilhos-e-aplicacoes-glitter-biodegradavel","Glitter biodegradavel","avon","Maquiagem Artistica","Brilhos e Aplicacoes","feminino","Glitter biodegradavel","0","draft","false","false","false",""
"maquiagem-artistica-brilhos-e-aplicacoes-pedrarias","Pedrarias","Fenty Beauty","Maquiagem Artistica","Brilhos e Aplicacoes","feminino","Pedrarias","0","draft","false","false","false",""
"maquiagem-artistica-brilhos-e-aplicacoes-cola-para-pedrarias","Cola para pedrarias","M·A·C Cosmetics","Maquiagem Artistica","Brilhos e Aplicacoes","feminino","Cola para pedrarias","0","draft","false","false","false",""
"maquiagem-artistica-brilhos-e-aplicacoes-lantejoulas-faciais","Lantejoulas faciais","avon","Maquiagem Artistica","Brilhos e Aplicacoes","feminino","Lantejoulas faciais","0","draft","false","false","false",""
"maquiagem-artistica-brilhos-e-aplicacoes-strass-para-maquiagem","Strass para maquiagem","Fenty Beauty","Maquiagem Artistica","Brilhos e Aplicacoes","feminino","Strass para maquiagem","0","draft","false","false","false",""
"maquiagem-artistica-efeitos-especiais-sangue-falso","Sangue falso","M·A·C Cosmetics","Maquiagem Artistica","Efeitos Especiais","feminino","Sangue falso","0","draft","false","false","false",""
"maquiagem-artistica-efeitos-especiais-latex-liquido","Latex liquido","avon","Maquiagem Artistica","Efeitos Especiais","feminino","Latex liquido","0","draft","false","false","false",""
"maquiagem-artistica-efeitos-especiais-massa-para-efeitos","Massa para efeitos","Fenty Beauty","Maquiagem Artistica","Efeitos Especiais","feminino","Massa para efeitos","0","draft","false","false","false",""
"maquiagem-artistica-efeitos-especiais-cola-teatral","Cola teatral","M·A·C Cosmetics","Maquiagem Artistica","Efeitos Especiais","feminino","Cola teatral","0","draft","false","false","false",""
"maquiagem-artistica-efeitos-especiais-cera-modeladora","Cera modeladora","avon","Maquiagem Artistica","Efeitos Especiais","feminino","Cera modeladora","0","draft","false","false","false",""
"maquiagem-artistica-efeitos-especiais-removedor-artistico","Removedor artistico","Fenty Beauty","Maquiagem Artistica","Efeitos Especiais","feminino","Removedor artistico","0","draft","false","false","false",""
"maquiagem-infantil-produtos-infantis-kit-maquiagem-infantil","Kit maquiagem infantil","avon","Maquiagem Infantil","Produtos Infantis","feminino","Kit maquiagem infantil","0","draft","false","false","false",""
"maquiagem-infantil-produtos-infantis-batom-infantil","Batom infantil","Fenty Beauty","Maquiagem Infantil","Produtos Infantis","feminino","Batom infantil","0","draft","false","false","false",""
"maquiagem-infantil-produtos-infantis-gloss-infantil","Gloss infantil","avon","Maquiagem Infantil","Produtos Infantis","feminino","Gloss infantil","0","draft","false","false","false",""
"maquiagem-infantil-produtos-infantis-sombra-infantil","Sombra infantil","Fenty Beauty","Maquiagem Infantil","Produtos Infantis","feminino","Sombra infantil","0","draft","false","false","false",""
"maquiagem-infantil-produtos-infantis-blush-infantil","Blush infantil","avon","Maquiagem Infantil","Produtos Infantis","feminino","Blush infantil","0","draft","false","false","false",""
"maquiagem-infantil-produtos-infantis-tinta-facial-infantil","Tinta facial infantil","Fenty Beauty","Maquiagem Infantil","Produtos Infantis","feminino","Tinta facial infantil","0","draft","false","false","false",""
"maquiagem-infantil-acessorios-infantis-pincel-infantil","Pincel infantil","avon","Maquiagem Infantil","Acessorios Infantis","feminino","Pincel infantil","0","draft","false","false","false",""
"maquiagem-infantil-acessorios-infantis-esponja-infantil","Esponja infantil","Fenty Beauty","Maquiagem Infantil","Acessorios Infantis","feminino","Esponja infantil","0","draft","false","false","false",""
"maquiagem-infantil-acessorios-infantis-glitter-infantil","Glitter infantil","avon","Maquiagem Infantil","Acessorios Infantis","feminino","Glitter infantil","0","draft","false","false","false",""
"maquiagem-infantil-acessorios-infantis-necessaire-infantil","Necessaire infantil","Fenty Beauty","Maquiagem Infantil","Acessorios Infantis","feminino","Necessaire infantil","0","draft","false","false","false",""
"maquiagem-infantil-acessorios-infantis-espelho-infantil","Espelho infantil","avon","Maquiagem Infantil","Acessorios Infantis","feminino","Espelho infantil","0","draft","false","false","false",""
"maquiagem-infantil-acessorios-infantis-kit-pintura-facial","Kit pintura facial","Fenty Beauty","Maquiagem Infantil","Acessorios Infantis","feminino","Kit pintura facial","0","draft","false","false","false",""
"demaquilantes-e-limpeza-removedores-demaquilante","Demaquilante","Lancôme","Demaquilantes e Limpeza","Removedores","feminino","Demaquilante","0","draft","false","false","false",""
"demaquilantes-e-limpeza-removedores-demaquilante-bifasico","Demaquilante bifasico","Fenty Beauty","Demaquilantes e Limpeza","Removedores","feminino","Demaquilante bifasico","0","draft","false","false","false",""
"demaquilantes-e-limpeza-removedores-agua-micelar","Agua micelar","avon","Demaquilantes e Limpeza","Removedores","feminino","Agua micelar","0","draft","false","false","false",""
"demaquilantes-e-limpeza-removedores-lenco-demaquilante","Lenco demaquilante","Lancôme","Demaquilantes e Limpeza","Removedores","feminino","Lenco demaquilante","0","draft","false","false","false",""
"demaquilantes-e-limpeza-removedores-oleo-demaquilante","Oleo demaquilante","Fenty Beauty","Demaquilantes e Limpeza","Removedores","feminino","Oleo demaquilante","0","draft","false","false","false",""
"demaquilantes-e-limpeza-removedores-cleansing-balm","Cleansing balm","avon","Demaquilantes e Limpeza","Removedores","feminino","Cleansing balm","0","draft","false","false","false",""
"demaquilantes-e-limpeza-limpeza-facial-sabonete-facial","Sabonete facial","Lancôme","Demaquilantes e Limpeza","Limpeza Facial","feminino","Sabonete facial","0","draft","false","false","false",""
"demaquilantes-e-limpeza-limpeza-facial-gel-de-limpeza","Gel de limpeza","Fenty Beauty","Demaquilantes e Limpeza","Limpeza Facial","feminino","Gel de limpeza","0","draft","false","false","false",""
"demaquilantes-e-limpeza-limpeza-facial-espuma-facial","Espuma facial","avon","Demaquilantes e Limpeza","Limpeza Facial","feminino","Espuma facial","0","draft","false","false","false",""
"demaquilantes-e-limpeza-limpeza-facial-tonico-facial","Tonico facial","Lancôme","Demaquilantes e Limpeza","Limpeza Facial","feminino","Tonico facial","0","draft","false","false","false",""
"demaquilantes-e-limpeza-limpeza-facial-esfoliante-facial","Esfoliante facial","Fenty Beauty","Demaquilantes e Limpeza","Limpeza Facial","feminino","Esfoliante facial","0","draft","false","false","false",""
"demaquilantes-e-limpeza-limpeza-facial-algodao-facial","Algodao facial","avon","Demaquilantes e Limpeza","Limpeza Facial","feminino","Algodao facial","0","draft","false","false","false",""
"kits-e-combos-kits-por-area-kit-pele-completa","Kit pele completa","Lancôme","Kits e Combos","Kits por Area","feminino","Kit pele completa","0","draft","false","false","false",""
"kits-e-combos-kits-por-area-kit-olhos","Kit olhos","avon","Kits e Combos","Kits por Area","feminino","Kit olhos","0","draft","false","false","false",""
"kits-e-combos-kits-por-area-kit-sobrancelhas","Kit sobrancelhas","M·A·C Cosmetics","Kits e Combos","Kits por Area","feminino","Kit sobrancelhas","0","draft","false","false","false",""
"kits-e-combos-kits-por-area-kit-boca","Kit boca","Fenty Beauty","Kits e Combos","Kits por Area","feminino","Kit boca","0","draft","false","false","false",""
"kits-e-combos-kits-por-area-kit-pinceis","Kit pinceis","DIOR","Kits e Combos","Kits por Area","feminino","Kit pinceis","0","draft","false","false","false",""
"kits-e-combos-kits-por-area-kit-maquiagem-artistica","Kit maquiagem artistica","Lancôme","Kits e Combos","Kits por Area","feminino","Kit maquiagem artistica","0","draft","false","false","false",""
"kits-e-combos-kits-por-perfil-kit-iniciante","Kit iniciante","avon","Kits e Combos","Kits por Perfil","feminino","Kit iniciante","0","draft","false","false","false",""
"kits-e-combos-kits-por-perfil-kit-profissional","Kit profissional","M·A·C Cosmetics","Kits e Combos","Kits por Perfil","feminino","Kit profissional","0","draft","false","false","false",""
"kits-e-combos-kits-por-perfil-kit-noiva","Kit noiva","Fenty Beauty","Kits e Combos","Kits por Perfil","feminino","Kit noiva","0","draft","false","false","false",""
"kits-e-combos-kits-por-perfil-kit-festa","Kit festa","DIOR","Kits e Combos","Kits por Perfil","feminino","Kit festa","0","draft","false","false","false",""
"kits-e-combos-kits-por-perfil-kit-maquiagem-nude","Kit maquiagem nude","Lancôme","Kits e Combos","Kits por Perfil","feminino","Kit maquiagem nude","0","draft","false","false","false",""
"kits-e-combos-kits-por-perfil-kit-maquiagem-colorida","Kit maquiagem colorida","avon","Kits e Combos","Kits por Perfil","feminino","Kit maquiagem colorida","0","draft","false","false","false",""
"unhas-esmaltes-esmalte-cremoso","Esmalte cremoso","avon","Unhas","Esmaltes","feminino","Esmalte cremoso","0","draft","false","false","false",""
"unhas-esmaltes-esmalte-cintilante","Esmalte cintilante","DIOR","Unhas","Esmaltes","feminino","Esmalte cintilante","0","draft","false","false","false",""
"unhas-esmaltes-esmalte-glitter","Esmalte glitter","M·A·C Cosmetics","Unhas","Esmaltes","feminino","Esmalte glitter","0","draft","false","false","false",""
"unhas-esmaltes-esmalte-matte","Esmalte matte","avon","Unhas","Esmaltes","feminino","Esmalte matte","0","draft","false","false","false",""
"unhas-esmaltes-esmalte-nude","Esmalte nude","DIOR","Unhas","Esmaltes","feminino","Esmalte nude","0","draft","false","false","false",""
"unhas-esmaltes-esmalte-vermelho","Esmalte vermelho","M·A·C Cosmetics","Unhas","Esmaltes","feminino","Esmalte vermelho","0","draft","false","false","false",""
"unhas-cuidados-com-unhas-base-fortalecedora","Base fortalecedora","avon","Unhas","Cuidados com Unhas","feminino","Base fortalecedora","0","draft","false","false","false",""
"unhas-cuidados-com-unhas-extra-brilho","Extra brilho","DIOR","Unhas","Cuidados com Unhas","feminino","Extra brilho","0","draft","false","false","false",""
"unhas-cuidados-com-unhas-top-coat","Top coat","M·A·C Cosmetics","Unhas","Cuidados com Unhas","feminino","Top coat","0","draft","false","false","false",""
"unhas-cuidados-com-unhas-removedor-de-esmalte","Removedor de esmalte","avon","Unhas","Cuidados com Unhas","feminino","Removedor de esmalte","0","draft","false","false","false",""
"unhas-cuidados-com-unhas-acetona","Acetona","DIOR","Unhas","Cuidados com Unhas","feminino","Acetona","0","draft","false","false","false",""
"unhas-cuidados-com-unhas-oleo-secante","Oleo secante","M·A·C Cosmetics","Unhas","Cuidados com Unhas","feminino","Oleo secante","0","draft","false","false","false",""
"unhas-acessorios-de-unhas-lixa-de-unha","Lixa de unha","avon","Unhas","Acessorios de Unhas","feminino","Lixa de unha","0","draft","false","false","false",""
"unhas-acessorios-de-unhas-alicate","Alicate","DIOR","Unhas","Acessorios de Unhas","feminino","Alicate","0","draft","false","false","false",""
"unhas-acessorios-de-unhas-espatula","Espatula","M·A·C Cosmetics","Unhas","Acessorios de Unhas","feminino","Espatula","0","draft","false","false","false",""
"unhas-acessorios-de-unhas-kit-manicure","Kit manicure","avon","Unhas","Acessorios de Unhas","feminino","Kit manicure","0","draft","false","false","false",""
"unhas-acessorios-de-unhas-unha-postica","Unha postica","DIOR","Unhas","Acessorios de Unhas","feminino","Unha postica","0","draft","false","false","false",""
"unhas-acessorios-de-unhas-cola-para-unha","Cola para unha","M·A·C Cosmetics","Unhas","Acessorios de Unhas","feminino","Cola para unha","0","draft","false","false","false",""
